2025-05-26 22:21:21,35
2025-05-26 22:21:25,41
2025-05-26 22:21:29,76
2025-05-26 22:21:50,41
2025-05-26 22:22:09,3
2025-05-26 22:22:13,12
2025-05-26 22:22:17,37
2025-05-26 22:22:35,80
2025-05-26 22:22:54,64
2025-05-26 22:23:14,27
2025-05-26 22:25:01,72
2025-05-26 22:25:04,33
2025-05-26 22:25:08,49
2025-05-26 22:25:28,51
2025-05-26 22:25:49,96
2025-05-26 22:25:57,64
2025-05-26 22:39:01,49
2025-05-26 22:39:04,27
2025-05-26 22:39:08,16
2025-05-26 22:39:27,3
2025-05-26 22:41:26,24
2025-05-26 22:41:29,25
2025-05-26 22:41:33,8
2025-05-26 22:51:10,97
2025-05-26 22:51:14,54
2025-05-26 22:51:18,63
2025-05-26 22:51:21,88
2025-05-26 22:51:25,96
2025-05-26 22:51:29,0
2025-05-26 22:51:35,0
2025-05-26 22:51:38,3
2025-05-26 22:52:09,27
2025-05-26 22:52:13,9
2025-05-26 22:52:17,42
2025-05-26 22:52:36,12
2025-05-26 22:52:56,57
2025-05-26 22:55:08,24
2025-05-26 22:55:12,56
2025-05-26 22:55:16,17
2025-05-26 22:55:37,0
2025-05-26 22:55:53,8
2025-05-26 22:56:05,31
2025-05-26 22:56:15,89
2025-05-26 22:56:35,30
2025-05-26 22:56:57,7
2025-05-26 23:02:02,73
2025-05-26 23:02:05,85
2025-05-26 23:02:09,67
2025-05-26 23:02:13,25
2025-05-26 23:02:17,61
2025-05-26 23:02:21,99
2025-05-26 23:08:16,76
